{
	"id": "foundry-permalinks",
	"name": "foundry-permalinks",
	"title": "Foundry Permalinks",
	"description": "Adds permalinks to dialogs in Foundry.",
	"authors": [{"name": "numinit"}],
	"scripts": ["bundle.js"],
	"styles": [
		"foundry-permalinks.css"
	],
	"version": "1.1.6",
	"compatibility": {
		"minimum": "10",
		"verified": "11"
	},
	"url": "https://github.com/grieve/foundry-permalinks",
	"manifest": "https://raw.githubusercontent.com/grieve/foundry-permalinks/master/src/module.json",
	"download": "https://raw.githubusercontent.com/grieve/foundry-permalinks/v1.1.6/dist/foundry-permalinks-v1.1.6.zip"
}