{
	"id": "foundry-permalinks",
	"title": "Foundry Permalinks",
	"description": "Adds permalinks to dialogs in Foundry.",
	"authors": [{"name": "numinit"}],
	"scripts": ["bundle.js"],
	"styles": [
		"foundry-permalinks.css"
	],
	"version": "1.1.4",
	"compatibility": {
		"minimum": "10",
		"verified": "11"
	},
	"url": "https://github.com/numinit/foundry-permalinks",
	"manifest": "https://raw.githubusercontent.com/numinit/foundry-permalinks/master/src/module.json",
	"download": "https://raw.githubusercontent.com/numinit/foundry-permalinks/v1.1.4/dist/undefined-v1.1.4.zip"
}